first_name,last_name,department,address,city,county,state,zip,phone1,phone,email
James,Butt,trash,6649 N Blue Gum St,New Orleans,Orleans,LA,70116,504-621-8927,504-845-1427,jbutt@gmail.com
Josephine,Darakjy,trash,4 B Blue Ridge Blvd,Brighton,Livingston,MI,48116,810-292-9388,810-374-9840,josephine_darakjy@darakjy.org
Art,Venere,trash,8 W Cerritos Ave #54,Bridgeport,Gloucester,NJ,8014,856-636-8749,856-264-4130,art@venere.org
Lenna,Paprocki,trash,639 Main St,Anchorage,Anchorage,AK,99501,907-385-4412,907-921-2010,lpaprocki@hotmail.com
Donette,Foller,trash,34 Center St,Hamilton,Butler,OH,45011,513-570-1893,513-549-4561,donette.foller@cox.net
Simona,Morasca,trash,3 Mcauley Dr,Ashland,Ashland,OH,44805,419-503-2484,419-800-6759,simona@morasca.com
Mitsue,Tollner,trash,7 Eads St,Chicago,Cook,IL,60632,773-573-6914,773-924-8565,mitsue_tollner@yahoo.com
Leota,Dilliard,trash,7 W Jackson Blvd,San Jose,Santa Clara,CA,95111,408-752-3500,408-813-1105,leota@hotmail.com
Sage,Wieser,trash,5 Boston Ave #88,Sioux Falls,Minnehaha,SD,57105,605-414-2147,605-794-4895,sage_wieser@cox.net
Kris,Marrier,trash,228 Runamuck Pl #2808,Baltimore,Baltimore City,MD,21224,410-655-8723,410-804-4694,kris@gmail.com
Minna,Amigon,trash,2371 Jerrold Ave,Kulpsville,Montgomery,PA,19443,215-874-1229,215-422-8694,minna_amigon@yahoo.com
Abel,Maclead,trash,37275 St  Rt 17m M,Middle Island,Suffolk,NY,11953,631-335-3414,631-677-3675,amaclead@gmail.com
Kiley,Caldarera,trash,25 E 75th St #69,Los Angeles,Los Angeles,CA,90034,310-498-5651,310-254-3084,kiley.caldarera@aol.com
Graciela,Ruta,trash,98 Connecticut Ave Nw,Chagrin Falls,Geauga,OH,44023,440-780-8425,440-579-7763,gruta@cox.net
Cammy,Albares,trash,56 E Morehead St,Laredo,Webb,TX,78045,956-537-6195,956-841-7216,calbares@gmail.com
Mattie,Poquette,trash,73 State Road 434 E,Phoenix,Maricopa,AZ,85013,602-277-4385,602-953-6360,mattie@aol.com
Meaghan,Garufi,trash,69734 E Carrillo St,Mc Minnville,Warren,TN,37110,931-313-9635,931-235-7959,meaghan@hotmail.com
Gladys,Rim,trash,322 New Horizon Blvd,Milwaukee,Milwaukee,WI,53207,414-661-9598,414-377-2880,gladys.rim@rim.org
Yuki,Whobrey,streets,1 State Route 27,Taylor,Wayne,MI,48180,313-288-7937,313-341-4470,yuki_whobrey@aol.com
Fletcher,Flosi,streets,394 Manchester Blvd,Rockford,Winnebago,IL,61109,815-828-2147,815-426-5657,fletcher.flosi@yahoo.com
Bette,Nicka,streets,6 S 33rd St,Aston,Delaware,PA,19014,610-545-3615,610-492-4643,bette_nicka@cox.net
Veronika,Inouye,streets,6 Greenleaf Ave,San Jose,Santa Clara,CA,95111,408-540-1785,408-813-4592,vinouye@aol.com
Willard,Kolmetz,streets,618 W Yakima Ave,Irving,Dallas,TX,75062,972-303-9197,972-896-4882,willard@hotmail.com
Maryann,Royster,streets,74 S Westgate St,Albany,Albany,NY,12204,518-966-7987,518-448-8982,mroyster@royster.com
Alisha,Slusarski,streets,3273 State St,Middlesex,Middlesex,NJ,8846,732-658-3154,732-635-3453,alisha@slusarski.com
Allene,Iturbide,streets,1 Central Ave,Stevens Point,Portage,WI,54481,715-662-6764,715-530-9863,allene_iturbide@cox.net
Chanel,Caudy,streets,86 Nw 66th St #8673,Shawnee,Johnson,KS,66218,913-388-2079,913-899-1103,chanel.caudy@caudy.org
Ezekiel,Chui,streets,2 Cedar Ave #84,Easton,Talbot,MD,21601,410-669-1642,410-235-8738,ezekiel@chui.com
Willow,Kusko,streets,90991 Thorburn Ave,New York,New York,NY,10011,212-582-4976,212-934-5167,wkusko@yahoo.com
Bernardo,Figeroa,streets,386 9th Ave N,Conroe,Montgomery,TX,77301,936-336-3951,936-597-3614,bfigeroa@aol.com
Ammie,Corrio,trash,74874 Atlantic Ave,Columbus,Franklin,OH,43215,614-801-9788,614-648-3265,ammie@corrio.com
Francine,Vocelka,trash,366 South Dr,Las Cruces,Dona Ana,NM,88011,505-977-3911,505-335-5293,francine_vocelka@vocelka.com
Ernie,Stenseth,trash,45 E Liberty St,Ridgefield Park,Bergen,NJ,7660,201-709-6245,201-387-9093,ernie_stenseth@aol.com
Albina,Glick,trash,4 Ralph Ct,Dunellen,Middlesex,NJ,8812,732-924-7882,732-782-6701,albina@glick.com
Alishia,Sergi,trash,2742 Distribution Way,New York,New York,NY,10025,212-860-1579,212-753-2740,asergi@gmail.com
Solange,Shinko,trash,426 Wolf St,Metairie,Jefferson,LA,70002,504-979-9175,504-265-8174,solange@shinko.com
Jose,Stockham,trash,128 Bransten Rd,New York,New York,NY,10011,212-675-8570,212-569-4233,jose@yahoo.com
Rozella,Ostrosky,trash,17 Morena Blvd,Camarillo,Ventura,CA,93012,805-832-6163,805-609-1531,rozella.ostrosky@ostrosky.com
Valentine,Gillian,trash,775 W 17th St,San Antonio,Bexar,TX,78204,210-812-9597,210-300-6244,valentine_gillian@gmail.com
Kati,Rulapaugh,trash,6980 Dorsett Rd,Abilene,Dickinson,KS,67410,785-463-7829,785-219-7724,kati.rulapaugh@hotmail.com
Youlanda,Schemmer,trash,2881 Lewis Rd,Prineville,Crook,OR,97754,541-548-8197,541-993-2611,youlanda@aol.com
Dyan,Oldroyd,trash,7219 Woodfield Rd,Overland Park,Johnson,KS,66204,913-413-4604,913-645-8918,doldroyd@aol.com
Roxane,Campain,trash,1048 Main St,Fairbanks,Fairbanks North Star,AK,99708,907-231-4722,907-335-6568,roxane@hotmail.com
Lavera,Perin,trash,678 3rd Ave,Miami,Miami-Dade,FL,33196,305-606-7291,305-995-2078,lperin@perin.org
Erick,Ferencz,trash,20 S Babcock St,Fairbanks,Fairbanks North Star,AK,99712,907-741-1044,907-227-6777,erick.ferencz@aol.com
Fatima,Saylors,trash,2 Lighthouse Ave,Hopkins,Hennepin,MN,55343,952-768-2416,952-479-2375,fsaylors@saylors.org
Jina,Briddick,trash,38938 Park Blvd,Boston,Suffolk,MA,2128,617-399-5124,617-997-5771,jina_briddick@briddick.com
Kanisha,Waycott,trash,5 Tomahawk Dr,Los Angeles,Los Angeles,CA,90006,323-453-2780,323-315-7314,kanisha_waycott@yahoo.com
Emerson,Bowley,trash,762 S Main St,Madison,Dane,WI,53711,608-336-7444,608-658-7940,emerson.bowley@bowley.org
Blair,Malet,trash,209 Decker Dr,Philadelphia,Philadelphia,PA,19132,215-907-9111,215-794-4519,bmalet@yahoo.com
